genre,bpm,rolloff,centroid,rms,zcr,mfcc1,mfcc2,mfcc3,mfcc4,mfcc5,mfcc6,mfcc7,mfcc8,mfcc9,mfcc10,mfcc11,mfcc12,mfcc13
1,95.703125,5290.701341186145,2557.543822413267,0.24898799,81328,7.987372,79.74049,-14.296585,37.419704,-2.8967092,9.842994,-5.005181,6.810163,-1.5833044,1.5577703,-0.23958892,8.963516,-5.759737
1,103.359375,6063.904999062742,3047.302924734761,0.32556114,102865,48.940136,62.722572,-5.886366,42.05607,-2.4722905,15.814528,1.2059672,10.701329,0.5498485,5.438165,-1.1193262,9.129117,-0.84942853
1,135.99917763157896,5294.859649374758,3015.9644125745563,0.14034234,125400,-64.627205,43.71983,-11.004398,88.343636,8.338187,8.727283,3.209645,7.177145,4.2333484,2.649901,-5.3933816,6.5177536,-7.831575
1,198.76802884615384,6357.036559869631,3253.9996019958653,0.18360017,117243,-16.92472,48.089123,-1.7792481,47.06831,3.3388958,14.594375,-0.3531703,21.732952,-4.832181,9.687179,9.131412,4.7649374,-2.954789
1,129.19921875,6048.063428187887,2790.5154059417505,0.1476964,75883,-51.73443,65.3363,9.019959,48.28436,9.443915,14.6211605,2.522213,8.009312,-1.8605127,4.659417,-0.7916855,5.018587,-2.2883308
1,161.4990234375,5854.847929868904,2606.136754215275,0.2960969,65010,14.52946,75.08087,-3.0118484,36.103886,14.572356,17.90798,5.5836906,11.268128,-4.534418,6.494758,-5.9330864,9.728006,1.0223863
1,198.76802884615384,5433.575477245791,2754.1611028159195,0.2535805,85205,12.20383,67.18484,-11.356304,47.155834,8.436474,8.34765,10.442059,6.829262,5.619482,5.1984487,1.8540511,9.769919,-1.7362843
1,135.99917763157896,5805.064897566757,2914.25717502897,0.2908394,101084,48.982685,65.850494,-17.663595,32.868347,2.5779905,17.188728,4.380497,12.37708,2.4462676,5.361209,0.6613787,7.947157,-0.87763906
1,172.265625,5344.676014808679,2577.088776581723,0.3106287,76760,27.52914,77.11407,-9.585534,42.08443,1.7760417,20.49974,3.451492,8.263507,4.074287,10.776071,-2.3145614,8.378972,-0.5387673
1,107.666015625,6911.683205997243,3413.6945481288494,0.15792984,115056,-33.74696,45.853565,22.082693,49.581993,3.1124182,8.044463,1.4091195,10.046118,-7.467404,-0.18131344,1.0689604,5.3998647,-5.269432
1,99.38401442307692,4505.68942137916,2395.9804511437765,0.29504722,97907,22.631178,84.510895,-29.724434,50.791553,2.506666,4.440642,2.1714382,18.348093,1.9043921,5.2859106,5.180725,11.79028,-5.546876
1,151.99908088235293,5679.965654024768,2983.845703566095,0.17624216,104225,-30.794922,51.8337,-7.4506884,60.180424,0.017385194,10.671834,3.7231011,15.368814,-4.4522943,0.5255406,0.3949935,4.076691,-6.7386265
1,184.5703125,6021.205257262239,3055.5054122110637,0.2824994,91981,12.90963,42.939404,-12.610236,53.684162,18.472713,22.125864,15.86665,19.045626,3.3210778,6.0745354,4.0534186,8.44694,-5.2096186
1,117.45383522727273,6067.738309216573,2925.1247522975277,0.3321348,83398,45.24939,62.324997,-13.806263,30.079454,7.145751,22.366613,4.9405885,15.508379,7.2931356,9.15464,3.011486,7.7828054,-0.021674944
1,103.359375,5528.283237894253,2769.8167239641207,0.297334,93622,21.42564,67.96604,-16.363762,46.260956,-1.263036,20.907177,1.3627759,12.76205,9.309705,9.369306,4.4052296,8.753469,4.4065146
1,151.99908088235293,5702.265519180534,2749.025428445697,0.15411364,91740,-24.739828,72.08335,-6.324095,37.13389,2.9476757,7.408105,0.099677026,12.6375475,3.8660643,6.368407,4.2779512,8.85123,-2.8080068
1,123.046875,5234.760012789038,2526.3589116981057,0.35146102,80832,54.35889,84.06552,-25.862082,28.220703,-7.092781,19.203869,5.7892656,18.363373,6.197503,8.917002,2.7981243,10.104211,-0.27286002
1,143.5546875,5577.041276394399,2632.403312308114,0.31272566,74042,34.04464,73.826096,-23.29252,17.721405,5.4831247,21.671509,5.143173,12.69517,6.555944,15.904158,5.291523,12.064083,5.777423
1,112.34714673913044,5413.9089295000485,2806.40198331412,0.2367119,100389,12.001099,62.22245,-22.4361,47.35021,16.811405,15.966569,6.135506,8.686606,2.9858294,5.495169,-2.9580348,11.118334,-7.738005
1,99.38401442307692,5874.706143122339,3073.5187832361567,0.117291905,106663,-62.455128,53.404987,-6.373801,50.129066,2.3378131,11.559053,6.3465967,7.6623588,-1.4246647,0.63025165,-2.358797,-0.63655716,-7.631057
1,107.666015625,4221.516139736116,2185.10345994983,0.21078846,85363,9.74602,103.97914,-32.589874,26.88179,-0.5998288,6.402495,-8.200983,4.218528,-4.0448856,0.8820644,-4.758342,-1.5010906,-4.82906
1,161.4990234375,5321.184490192048,2462.4648159317344,0.30141547,65005,20.082865,81.06974,-12.3756695,38.274235,5.7500324,19.843561,1.8015131,16.661705,3.442957,7.1198797,0.59162325,10.166217,-4.5049553
1,123.046875,6183.629275106424,2884.1732034921192,0.2257501,80050,-5.704211,60.826637,-1.7803845,44.91217,18.203192,13.565176,5.955907,12.155746,4.452828,10.047129,-4.5581856,4.8167667,-1.5946404
1,92.28515625,5397.100697803792,2686.705653694605,0.26292163,96422,21.311235,69.44794,-24.496742,41.148796,2.489682,23.684414,2.8040714,17.077108,3.9106898,12.107814,1.9200033,11.609856,-0.84927016
1,112.34714673913044,5831.2647391399,2449.193453143647,0.3333476,57919,16.974855,78.89505,9.794519,41.356396,19.813522,14.972913,-2.3428226,7.6463847,-3.546248,6.344301,-2.20525,3.7153993,-6.3219585
1,103.359375,5530.024894029363,2797.598134942062,0.22569582,88535,-21.295364,59.34534,-2.5265546,62.38459,0.730881,10.389534,2.7075799,11.757114,-1.0243255,7.8793197,3.5290604,8.709808,-4.6015935
1,129.19921875,5846.5563133405085,2908.533250030936,0.2106446,95576,-3.921804,57.42213,-8.810696,48.990627,12.660984,16.271563,4.3606668,10.273676,10.080559,11.144338,4.3818245,9.290393,-4.103278
1,184.5703125,5022.986293355747,2456.9568462050406,0.2999396,82366,35.456676,85.817,-17.494528,41.509773,-2.1516147,10.837058,0.49719003,12.193462,1.0894631,5.765265,-0.8641522,6.42799,-3.3433268
1,112.34714673913044,5105.277462418972,2640.465722823457,0.27569154,92835,30.86515,74.30287,-27.555815,38.628204,4.5038586,10.329704,1.9215411,8.888437,2.7531624,12.144093,-2.000765,7.9746118,-0.8955976
1,151.99908088235293,5989.805447132595,2917.976303428024,0.29590988,89756,25.860218,61.6179,8.627798,54.037647,2.977298,18.041168,-1.5790771,7.2882233,0.15478374,1.5868737,-3.0037818,6.7649465,-7.099461
1,92.28515625,5586.507885817773,3315.96410570516,0.16711241,148953,-31.175058,31.413485,-27.384352,56.04864,0.88864076,25.287722,14.312557,9.091439,12.276908,10.465546,1.1430428,12.032185,-4.3572593
1,103.359375,5307.851237483069,2647.04184477555,0.29157615,94008,46.084385,77.661934,-22.580112,30.813873,1.2583793,13.080638,-1.1655794,13.726733,4.5220356,8.123151,-3.2431874,8.198444,-0.23242894
1,80.74951171875,5778.715056900639,2940.341804008315,0.23117547,106967,-16.09299,51.847004,-13.452043,46.79913,-1.3893007,12.573816,-3.767916,18.881468,-1.7355844,3.1086347,-5.2359843,2.3802748,-3.079265
1,95.703125,5323.001145873645,2714.2132957902622,0.23554213,96849,19.49083,71.799835,-20.6818,40.340492,7.2812395,8.103672,0.20302145,8.242713,-3.868253,3.6225307,-7.1217904,8.335598,-1.5014971
1,129.19921875,4985.144855511077,2723.3406212871605,0.18989918,96147,-69.50659,48.156956,-18.93206,89.29466,12.367926,14.889883,10.085209,12.976544,4.3831754,-1.2894865,0.13410941,5.2513,-3.0122347
1,99.38401442307692,5255.659886410362,2495.546632347308,0.2893572,76192,20.349596,80.35137,-14.231083,39.90656,7.662927,20.692038,1.4143842,9.024804,1.5130658,5.6082935,-2.3355515,7.899021,0.76753825
1,123.046875,5431.88382080834,2900.3160681781287,0.18555064,122126,-5.7961516,63.04025,-23.513584,56.643787,-0.6078998,6.1099076,-3.358388,8.9018345,-4.6398554,8.983838,0.95931196,3.3674161,-9.980425
1,89.10290948275862,4954.970037974072,2412.994915006155,0.24239285,82861,30.772131,92.042595,-23.089985,25.136106,-1.7600492,13.809116,1.5155447,8.992409,0.57595515,5.531551,-3.4115176,9.837094,0.2899024
1,151.99908088235293,5884.80608204939,3113.502235393352,0.10295436,116889,-61.990433,48.68941,-25.764778,40.462566,1.3258321,13.3541975,8.2646055,21.04689,4.937519,10.666648,1.7940671,9.426132,0.82456464
1,107.666015625,5846.756312131143,2802.9604757724583,0.2781405,90116,38.13652,71.36907,-12.983657,31.046398,3.704074,14.345966,0.84161,12.887115,4.339091,10.390336,-0.30471566,8.34586,-2.443048
1,99.38401442307692,6227.212344898897,2987.325772026578,0.24457373,95840,16.534752,62.998295,-1.8963561,41.08954,5.086334,13.815311,1.6983494,12.059857,-2.8201754,6.7179728,-2.1805017,6.983719,-2.8008373
1,184.5703125,5157.693812131143,2682.078657691595,0.14241344,101839,-40.614002,76.9585,-24.19928,49.835987,5.042284,7.5209913,-2.4225643,10.62034,-6.439261,7.304237,1.5083392,10.326834,-6.550421
1,112.34714673913044,5651.71582484762,2595.7714239245024,0.2960431,78329,33.787483,79.75246,-4.244271,36.2561,6.3664527,16.283436,-4.156721,8.172907,-2.5083363,6.1622124,2.0626855,6.5908914,-0.5340498
1,143.5546875,5085.802580180921,2510.174265861952,0.27816367,84878,29.455767,82.77772,-21.464739,35.67914,-2.6888902,15.241565,0.5098441,8.655283,6.0632076,7.1437507,2.581831,6.267721,2.9030478
1,112.34714673913044,5849.2896301458495,2846.9752693527857,0.29221755,92150,34.58048,66.5922,-8.908942,38.787918,-0.9042528,24.986353,1.7114662,13.038115,0.8219801,4.754037,-3.8148508,5.5600634,-1.4376173
1,112.34714673913044,4672.538412466138,2367.052735793681,0.22932652,86740,-7.8877363,86.74051,-27.828705,48.785168,4.054383,7.777809,-4.8866854,10.654033,2.5437627,4.5410943,-2.585714,7.030541,-2.0547664
1,143.5546875,5403.9839895148025,2682.3426973495148,0.24452989,92301,21.784168,77.28106,-15.387426,44.742516,-5.3491817,18.722477,1.3887568,11.297758,1.0714815,6.801365,-0.70576745,5.765404,-4.2532825
1,123.046875,5908.330939797794,2843.9871379434435,0.25134507,90201,-6.7335563,58.682808,-7.2564034,57.68975,22.986612,13.22724,2.6697145,19.32297,-4.920145,0.8606359,-0.592265,2.375219,-6.2859488
1,99.38401442307692,6197.004194230118,2719.632072101108,0.13521929,81378,-40.461773,81.74179,0.61432976,18.616175,5.507001,7.3571844,-0.074714474,8.251245,-3.8819375,7.0095744,5.133244,10.33488,-1.8747501
1,95.703125,5065.694368439193,2685.7055116963315,0.27436003,98790,10.972888,66.72803,-29.338898,58.890224,2.7254303,22.062468,3.1930487,9.62336,7.766056,7.229087,1.2774616,6.6436234,-1.729134
1,83.35433467741936,6040.296808484907,3023.8601988636774,0.24318542,108923,11.373644,56.51018,-3.4462967,48.636566,1.0416565,4.247046,-2.2021472,13.238865,-4.335858,6.837951,-4.4260864,5.77608,-8.427244
1,184.5703125,5536.89985245743,2724.5611864105067,0.2603005,94175,28.036081,74.49089,-20.998917,41.26306,-0.07524777,19.776337,-7.6691885,16.224285,-2.3501337,8.512431,-0.14407003,9.496749,-3.7657082
1,161.4990234375,6105.396414836494,2903.5423394905106,0.13705969,90017,-54.81688,68.79219,3.2692432,44.23259,0.10359537,20.623926,-10.624618,9.194091,-5.3560333,15.962195,-0.25216022,13.473276,0.46166807
1,107.666015625,5241.001641713428,2852.0656406469257,0.21562101,106505,-3.4042509,58.094196,-24.156214,57.31839,13.854417,4.216951,5.7387247,12.982194,1.8542656,1.7631012,-3.658916,9.92629,-9.935222
1,99.38401442307692,5300.101284345975,2707.19754295714,0.2581527,105790,29.752848,77.23309,-29.987156,31.209404,-13.096267,20.33785,6.790712,14.919201,3.9795406,2.4543953,1.4239606,4.2896495,-2.9251158
1,103.359375,4692.904955979102,2132.9919240896065,0.15927349,53763,-100.20635,97.24851,6.7439117,30.075933,7.899804,12.82179,2.735121,14.570104,4.1559725,7.6115427,3.5654206,10.3461275,-0.8710206
1,135.99917763157896,5728.6820261101975,3003.3141590573755,0.27823883,110744,28.379997,54.633183,-9.284978,52.71285,0.25774127,15.84135,5.6191325,16.272604,8.8751,9.837075,-1.9048456,6.7875433,-5.1175957
1,117.45383522727273,5204.685194647349,2807.4006440914322,0.23068781,97664,-1.7570559,58.325657,-25.253855,58.436382,5.3631587,14.861132,4.8424153,14.007691,-1.3717393,4.7964334,-6.859312,8.136225,-4.940168
1,117.45383522727273,5771.690099379595,2802.709538660947,0.26126662,98007,32.10384,70.04488,-9.9328165,36.117207,2.0879362,23.287155,1.612406,6.562937,-0.5287692,1.6816274,-0.32748243,6.2412686,1.7548847
1,117.45383522727273,5720.865406709559,2747.205748763312,0.3269588,81200,32.440365,67.83994,-4.528652,48.748943,6.014851,12.025531,0.40173775,11.873352,2.2690275,6.2833233,0.6675006,7.9841647,-2.9773498
1,99.38401442307692,5772.056763829092,2829.268863355782,0.3173074,96388,41.860874,65.58267,-9.422573,45.724064,7.747338,11.8435955,0.8811408,13.443783,1.6249477,9.908883,-2.4543123,10.452831,-4.625018
1,123.046875,5216.885120876064,2887.8744377280245,0.12272584,121694,-63.232803,54.967415,-21.4418,63.964108,9.862679,4.0964537,1.9918032,14.609577,0.55845606,-1.2792287,1.9069598,12.602213,-7.737229
1,112.34714673913044,4621.780386059646,2567.7217795260062,0.26675075,101395,19.851498,75.27666,-47.387444,35.881866,-0.14119405,8.752688,12.9231615,20.431547,2.8207078,11.649058,2.7139962,5.793458,3.489378
1,92.28515625,4878.337168029218,2591.6201922904675,0.30047104,90040,25.805752,73.15641,-27.32119,47.473743,9.532523,13.176259,8.340338,6.126474,5.1006026,6.703562,-8.162775,9.411463,-4.797556
1,184.5703125,4876.0955149175215,2293.589242363762,0.2131172,58887,-52.075317,80.78108,-11.1632,64.206314,9.353085,18.996393,5.455334,14.467011,3.0788686,1.890286,-1.0036519,5.582454,-3.7416742
1,95.703125,5952.655671772204,2759.063878493873,0.34114647,72883,29.486416,65.90399,-9.808958,31.165524,10.626367,20.99596,0.50254107,12.074133,5.142083,11.683723,5.5896297,9.573236,-3.524849
1,161.4990234375,5426.908850891302,2624.1241239020646,0.29961285,86003,36.421505,78.80086,-16.45283,35.189007,3.0699081,10.546515,-1.5046474,14.434439,5.0484495,6.492659,0.782399,10.125387,-6.8708444
1,112.34714673913044,5109.327437929324,2403.1147216072127,0.3171758,78109,39.381042,90.60723,-15.860729,26.487717,2.2685978,23.886078,3.1123657,4.713807,-3.1054935,9.104706,-0.43093023,4.972462,-1.833385
1,112.34714673913044,6126.912951395608,2948.551922083569,0.23965372,119788,42.02134,70.50687,-19.415676,10.409082,-6.597088,7.358822,-6.2256746,18.590826,-0.31091374,5.7566366,-4.7523317,3.9288416,-0.45847577
1,161.4990234375,5727.157035331608,2917.3324358348555,0.22049677,103961,15.545543,64.915695,-15.212655,38.220387,1.8567327,14.609396,3.2025445,6.33275,4.3866286,5.434562,-2.6861062,8.152145,-1.9895426
1,117.45383522727273,5580.616254776993,2710.9036827703458,0.23858832,82038,2.533026,69.48334,-6.9982314,46.498253,1.7339706,14.407269,1.5244101,12.120621,7.8439784,6.10008,3.1465268,6.4135604,2.4808073
1,92.28515625,5935.922439622436,2792.071837454155,0.3182948,92537,47.913815,71.89577,-14.823218,25.68272,10.441662,17.513405,2.7627504,13.150856,3.8435555,8.747828,0.6416161,9.998292,-1.6891661
1,135.99917763157896,5690.082259517705,2777.0400029445163,0.3107615,86798,37.51889,66.07477,-23.073584,27.90078,-2.1531954,21.953207,16.47288,25.99874,5.65754,9.26074,-3.353792,10.525488,-1.1038606
1,117.45383522727273,6162.387736884433,2984.8863789092643,0.3117665,108060,65.94691,67.60543,-15.29517,23.61937,-0.09734907,16.592653,3.2781692,12.667829,1.6635145,7.3059936,-1.7527627,10.019304,0.012476634
1,112.34714673913044,5276.276428411619,2779.126031060295,0.2546823,101555,19.929241,61.184914,-22.990484,56.486103,15.166881,24.516068,3.0542347,8.88691,-0.2184255,7.7298927,-7.0701494,10.041367,-1.3671654
1,112.34714673913044,6603.876733927535,3370.6771025591524,0.12814969,131419,-42.053448,45.070995,4.1936045,49.261707,2.1342387,9.8083315,5.413364,13.269471,-4.884744,3.8297675,-2.0230653,4.798537,-8.379181
1,172.265625,5351.3343078802245,2740.654848998271,0.32150975,93958,38.207996,64.05543,-25.936491,48.134144,11.481589,22.96153,4.7019405,12.9919815,4.5962887,10.926539,0.36052793,8.287953,-2.6119502
1,103.359375,5807.423216639658,2959.5114811832395,0.1074,109196,-75.31086,52.366993,-0.7436612,67.05113,13.713136,6.065249,-0.87012076,5.430104,-8.008376,2.1533668,-5.1244397,-0.5686449,-6.5755453
1,107.666015625,6155.187780421585,2947.7105428726986,0.31922,91452,48.753273,62.72779,-15.9979105,25.027813,7.3025355,20.304924,3.69082,12.740727,4.952163,12.461718,4.7370887,12.699001,2.5419526
1,112.34714673913044,5161.793787339155,2510.748587483879,0.23287322,80183,6.0937333,81.5856,-25.330713,19.864899,-3.3291094,19.79486,4.3603454,6.7060065,1.6101656,7.878926,-0.7638476,11.081093,-0.06345981
1,123.046875,4692.879956130273,2529.157505435184,0.26777294,87305,-0.5427212,68.411606,-37.04878,56.336414,11.218222,21.272255,15.736196,14.250354,6.832637,9.74646,-1.0510536,13.958534,-2.0421011
1,151.99908088235293,5080.8359435468265,2459.3297369794586,0.30095395,66961,9.027234,74.383286,-12.036007,56.106087,5.08265,19.30888,6.1588306,18.659483,8.052161,8.228753,0.21699601,9.64638,-0.0003274262
1,135.99917763157896,6118.238003851829,2883.448474005169,0.34188858,88048,59.86194,67.36379,-16.891985,22.79165,8.749589,22.829079,1.7622358,9.597777,0.6554524,11.876693,-1.3006113,8.818976,1.9161422
1,99.38401442307692,4900.162036057227,2461.284663864961,0.23363754,88214,-1.0000007,85.608376,-22.41282,40.857056,-9.071684,17.346106,5.310724,3.4159915,8.418087,7.400448,0.6230204,11.611421,2.6029139
1,89.10290948275862,5394.825711560323,2666.7218133908036,0.26883546,89056,33.86977,77.78375,-18.289923,27.232288,0.65763277,7.5674047,1.533721,8.566284,4.7872686,10.651281,6.4115853,13.50781,-4.526744
1,103.359375,5711.3487975885255,2733.6007672471974,0.2981557,83046,34.37095,70.03127,-15.052081,30.52988,6.6101346,23.753553,5.1376786,9.8255005,7.2531095,9.283475,3.2440035,8.843784,0.8611321
1,143.5546875,6605.243392330205,3269.3984451755778,0.27231118,113129,30.18797,50.69821,-0.8073663,38.754715,7.0755363,27.90388,6.753122,10.934982,-3.6108115,5.2446856,-7.809269,7.3208356,-2.792364
1,143.5546875,6032.438522669553,3184.054674876787,0.3289111,107518,35.740433,41.882412,-12.265117,53.70038,10.743139,19.114124,3.3556933,7.915216,0.40836033,3.0247524,-2.3308363,6.9539437,-0.85931134
1,172.265625,5694.815564229392,2800.6348153263793,0.109374575,99289,-61.816986,71.70567,-13.281966,42.84109,1.5215734,13.136545,0.52508533,14.719644,-2.4856617,4.1351013,1.1291884,6.019339,-6.162968
1,172.265625,5549.074778837316,2791.9897426935104,0.2335668,87488,-30.188044,55.212086,3.5176575,72.05213,3.4730697,10.277091,4.144437,12.471622,-3.660355,-4.5646305,-0.77755475,4.220159,-6.3136506
1,123.046875,5545.1331360052245,3000.5157486668127,0.10748981,118005,-62.35068,53.653717,-17.756083,61.06192,11.719964,7.266502,1.7329787,7.136971,-4.2709775,2.254525,-1.0044935,9.22511,-4.8977313
1,123.046875,5213.426808454673,2475.140141221501,0.24147896,81148,7.211444,82.71846,-12.874692,38.10373,5.921491,14.634231,2.5025775,15.748574,-2.214047,5.595994,2.0043576,7.0874023,-0.6277495
1,129.19921875,4784.221070469717,2294.9608354830784,0.22697133,74716,-41.620155,91.40606,-15.513834,33.388973,0.0074485093,7.096388,-5.980252,2.855041,-3.933971,4.400764,-4.739902,0.70240974,-8.390903
1,95.703125,6438.911064785701,3120.1507238619974,0.38817033,105201,69.51993,57.12349,-1.4552318,38.242775,8.821237,10.496573,4.157717,11.565112,1.2422905,3.5900238,-1.1806861,5.8236823,0.9947608
2,73.828125,3854.4850257897156,2079.9626079001036,0.11116391,80833,-99.82789,108.60783,-39.27607,24.07377,-4.4664884,3.431744,-8.930622,12.861527,-8.56692,5.0004826,-3.933144,5.222517,-2.028312
2,73.828125,4113.166794909781,1780.5193234006406,0.12319044,43048,-147.36757,113.61572,9.09258,48.508682,9.800531,7.628852,-5.9625525,2.0792005,-9.10139,2.5159628,-8.8738165,2.6549067,-5.072143
2,135.99917763157896,4597.663865222281,2392.665001878634,0.11401333,86324,-99.74014,81.65583,-29.919256,21.948479,3.1680303,8.011821,-0.21916686,6.5634904,-11.556973,-4.375814,-5.2591996,-5.456112,-5.324528
2,112.34714673913044,4698.521588682759,2324.591178733259,0.1974376,79532,-37.895126,89.74351,-15.013724,39.85704,-1.3227665,3.7944167,-0.04973222,4.224059,-1.2031115,4.6159077,1.5351243,1.5356386,-3.629244
2,135.99917763157896,3557.836819580834,1762.3154458437066,0.13672498,49016,-112.59452,115.158745,-9.931356,26.196491,12.237621,3.2218213,-3.5335925,6.398448,-12.887654,0.6975538,-7.7798486,0.86493,-9.633619
2,107.666015625,5520.658284001306,2693.361817793387,0.07574138,93061,-127.206406,70.55441,-9.366054,40.480125,2.9929526,6.495551,-7.55611,10.718833,-9.227323,4.256314,-9.112292,-0.120186776,-11.820511
2,95.703125,2400.002154181985,1245.2652623360832,0.2041205,37169,-144.49495,161.59122,34.329037,-8.137989,15.169372,1.2081096,-13.986881,4.9966607,-19.727316,1.6707015,-19.06225,-2.9847386,-9.793629
2,103.359375,2975.932004946304,1620.2149366751066,0.04053352,69897,-267.4404,130.76968,-30.890594,46.67329,4.1043706,6.604329,-10.717858,10.490422,-1.3223218,4.660757,-4.100328,0.9436043,-0.55778843
2,117.45383522727273,2665.3672162224266,1462.5069188359355,0.17799911,58992,-107.47751,147.08142,-44.536373,37.20835,0.8387293,12.433436,-9.616578,7.7342224,-3.5172298,0.7379259,-3.8201802,-2.1655915,-5.3901095
2,117.45383522727273,2962.6654185008706,1512.286985588541,0.07319159,46420,-211.03667,135.68106,-24.635761,18.268776,-4.930543,21.371403,8.883032,-0.32474455,-11.453399,1.0887591,-15.611878,-1.9255774,-15.819339
2,92.28515625,5328.58444544553,2494.360000912193,0.13826527,75768,-85.55275,79.28642,-4.746217,43.836914,-5.641085,28.96113,-6.586443,12.303794,0.7155623,-1.9462698,-7.944331,2.517273,-7.569407
2,112.34714673913044,4616.930415386755,2266.2922285793275,0.19020858,84533,-42.833107,92.85962,-17.280954,29.202179,6.6982875,14.259257,-1.5008284,5.3424435,-0.8150426,7.0615296,-5.757854,4.8581495,-2.3755822
2,99.38401442307692,2838.8245006832913,1448.895168606143,0.10595947,42747,-210.59941,123.26593,-8.008703,45.664104,9.192266,4.5540004,3.955496,-6.9410005,-14.652736,4.8587074,0.35647357,-2.9193997,-1.3331323
2,129.19921875,3110.431191648123,1531.7180215921494,0.02120816,38163,-375.8411,121.139595,-15.156118,33.329365,5.697948,-11.53211,-2.413828,-5.930451,-10.854685,-7.75078,-4.254195,1.375008,-15.59461
2,123.046875,4662.438473539087,2058.22028817804,0.16575569,52406,-77.541115,102.38523,-0.7329352,24.445072,3.839114,16.102758,5.8012257,11.815867,0.5411647,3.2789824,-3.9194593,10.447196,-2.5956929
2,78.30255681818181,4729.246402894011,2163.1807751560787,0.14786236,60655,-98.113205,91.04787,-0.5924276,38.52403,8.5724125,11.597134,-9.936364,5.2130423,-13.467291,6.146048,-6.482848,8.759201,-3.4924653
2,89.10290948275862,2118.762188134917,1250.673461395007,0.09661989,58417,-244.27971,163.29424,-56.144554,6.425279,14.522839,-10.647402,-3.885883,-2.4796839,-0.68019336,-4.8547077,-1.8459008,3.4435112,-2.7436173
2,99.38401442307692,2394.052190160604,1257.415908740844,0.12629256,37735,-172.37569,150.95554,-7.1482334,24.700155,10.209276,-9.056267,-3.971103,-0.504698,-2.943317,1.8062357,-9.903433,4.0909677,-5.683861
2,161.4990234375,3568.3450893720974,1658.5636459270827,0.055690374,44950,-253.2316,103.208374,-10.470752,44.69147,-6.4640665,12.777615,-2.2737334,6.6869793,-17.452713,1.6939067,-15.354332,-17.84564,-5.7512846
2,86.1328125,3901.309742647059,1982.2400325458163,0.12879053,68631,-100.158066,107.50803,-28.962353,48.740112,-0.10064941,10.193427,-4.416523,3.420888,-13.388225,10.384749,-10.110318,-0.08288191,-5.8552217
2,151.99908088235293,2225.269877430824,1157.6444167625743,0.11627163,30423,-229.34665,139.14992,0.08844731,53.35479,5.8411455,-0.8980742,11.470321,9.071172,-10.362294,2.9519527,-10.489898,3.5563602,-0.86756843
2,129.19921875,1972.0380753555535,1040.2071634696986,0.12855755,26291,-223.14401,150.5567,25.126177,21.473825,3.0042202,21.450016,4.2911816,18.396826,5.010382,1.5594457,-1.452625,-0.24077025,1.1267443
2,112.34714673913044,5963.188941412297,2784.5030210027294,0.09771965,86075,-118.653404,73.364876,-1.854694,9.543783,-0.118803374,9.671399,-5.917352,2.3279371,-19.173868,-6.984153,-2.9830604,-0.28928086,-9.197763
2,143.5546875,3660.727864079431,1731.76153980861,0.10238678,53657,-202.58026,109.21737,8.647572,59.53831,13.832346,3.9925086,6.5238223,8.116723,4.1122584,4.331118,-5.343147,3.3232052,-1.6400828
2,184.5703125,3532.7286380732394,1824.7803117172164,0.13483086,53826,-164.61856,109.80921,-7.7694798,17.32177,2.9647102,6.552972,0.5734889,6.147377,-2.3104448,-3.9389195,-10.070848,-1.8594289,-12.192028
2,143.5546875,4986.06151663482,2622.8373922251135,0.06319354,106910,-185.32953,63.130005,-13.605945,57.39536,10.845091,10.941004,-5.973287,13.749696,5.095875,-0.11383057,-5.013305,12.484476,-2.0975165
2,83.35433467741936,2726.283514536571,1437.971635980473,0.06460126,55604,-237.72641,150.4755,-45.637806,51.212666,-13.143845,-6.3403955,-8.337846,-17.341497,-11.2457695,-6.8494506,-11.6389,-5.517646,-12.206205
2,123.046875,2637.017387649961,1355.695474867638,0.11462374,46857,-199.25055,146.69865,-48.35941,42.919582,5.406783,-6.6583104,2.2879736,-8.95512,-27.01285,-7.8067775,0.24451108,-15.742638,-10.868125
2,161.4990234375,2326.6025980190598,1204.3312812320614,0.08103779,45597,-221.79842,161.21053,-36.553364,39.164246,-4.3519316,-4.4078026,1.4810861,-11.10383,-0.24664387,-4.9789577,-3.3660128,-0.017430544,-6.2924595
2,123.046875,2514.1181308049536,1269.561018073557,0.07313905,39737,-219.72905,151.44406,-5.4510283,30.018667,-5.811437,3.1611514,-6.2436485,-5.4037805,1.0778153,7.4761634,-2.8431392,7.2422056,-5.3655596
2,80.74951171875,3364.6129879789087,1673.8002540196128,0.08440637,63347,-172.81644,133.4967,-37.727077,58.97869,-14.704951,9.277679,-12.259185,3.9842865,-8.944323,4.509994,-4.7053013,6.2842245,-0.813617
2,107.666015625,2404.2521284829722,1276.2363801078898,0.10338847,43996,-189.48943,161.15576,-22.184515,30.535881,-24.016575,20.196682,-7.9035907,4.9773455,-9.931056,-4.782503,-4.2647295,-0.08774947,-8.308826
2,95.703125,2211.8366253265285,1231.9036586804052,0.052682597,48679,-273.44644,162.38179,-27.999668,26.01825,-0.97625947,-12.108298,-5.1212387,-7.702924,-24.628103,-6.488107,-9.198708,-9.880673,-13.972073
2,172.265625,2259.344671385207,1241.107824920661,0.11176267,34782,-198.31674,140.674,-13.470749,22.875246,2.9355116,-12.449452,-22.882927,-15.435082,-21.874228,-10.390877,-16.597797,-10.843911,-11.113488
2,184.5703125,3819.4185711651025,1912.8795141381886,0.22978686,58970,-70.14031,104.573,-34.5999,64.49919,-0.5360839,11.418935,13.888563,13.488446,-2.2540054,4.6078815,0.4161049,7.650581,-2.3796082
2,172.265625,2907.2490869291796,1479.781231535695,0.068959035,44612,-201.57019,130.5423,-19.171179,32.27977,7.082167,10.049876,-9.652252,-2.2983716,0.9643522,-3.9933295,-7.9762373,-3.018123,-12.177972
2,99.38401442307692,2387.9022273485875,1134.7197016674493,0.144661,38573,-188.78406,186.75435,-73.559425,40.345295,20.075014,-8.358561,22.703318,5.72643,-15.809014,-4.494918,-7.9752293,-14.7721405,-12.828125
2,99.38401442307692,1965.8381128458784,987.1310931044195,0.11040339,33134,-210.78795,180.82771,-26.418833,36.4604,16.160105,-0.9876255,14.198431,6.8513856,1.7323092,-1.9960312,8.110214,6.3519206,-4.623834
2,215.33203125,1785.3642041469136,981.7507410684799,0.063098885,35328,-287.63895,174.38322,-18.850737,29.858837,0.4011461,-1.2033261,4.2216268,-8.332752,3.8137388,-8.944463,-2.7449753,1.3307964,-15.995622
2,172.265625,2404.993790664909,1364.7966397992082,0.06811261,53662,-250.38463,141.45961,-54.284237,9.502617,-1.5657724,-1.2040048,-11.894614,2.421242,-23.824368,-21.168428,0.9244351,-23.43802,-8.023377
2,86.1328125,4748.087955628386,2373.5944989680324,0.061325215,88982,-195.06099,76.27634,-22.409412,28.240685,-4.7284784,19.538235,4.0828648,13.894407,-14.285895,-5.0951705,-7.769977,2.2990096,-7.5515494
2,123.046875,2339.3108545073046,1173.4709396212472,0.067370854,38864,-281.09003,163.04341,-48.79883,47.732822,-1.9394315,-25.899895,0.19223443,-20.090948,-16.36605,-8.377805,-15.926924,-13.834274,-15.340276
2,103.359375,1771.0476240506482,961.8292492225659,0.15730676,32463,-173.9682,177.86774,-19.397022,30.504765,-10.5949955,5.638811,13.787034,0.36538866,-7.884913,-8.904209,-14.091583,-15.037312,-7.7806826
2,89.10290948275862,5130.735641810178,2590.8538063588517,0.06291021,95474,-139.62555,78.98336,-20.00137,35.755585,-5.3990006,11.291966,-1.2697906,3.055011,-2.864804,3.926407,-9.657669,-1.452203,-9.596814
2,89.10290948275862,3348.4464190692725,1711.6161752876205,0.05292926,53090,-248.04703,113.962,-28.67623,26.732038,1.6771531,-2.3416133,-6.4420443,-3.271653,-12.06695,-6.349825,-8.227701,-9.681022,-12.972566
2,67.99958881578948,2850.1160990712074,1541.7486635719852,0.10301742,55465,-171.89409,134.78603,-42.40706,33.031136,-1.3224603,1.6740324,-13.8898945,-0.76176155,-8.986182,8.578678,-0.011590326,4.6626987,0.11914606
2,69.83741554054055,1381.5916457043343,774.0423220943878,0.20509411,37252,-202.76273,234.34132,-32.53487,-2.9777172,24.956455,-19.177326,-9.725458,-3.3599102,-11.817779,-3.1806834,-2.436248,-4.4597945,-2.4625309
2,107.666015625,3308.6466597329722,1763.4198720223283,0.1719142,68801,-75.949005,135.89084,-59.363724,41.796738,-19.122555,16.2685,-10.154197,14.263354,-12.612966,8.619999,-10.4392185,5.263448,-4.462586
2,112.34714673913044,4315.782236388593,2036.8044580671785,0.11286163,51885,-168.03394,92.38995,-6.6541576,32.028015,3.3348365,7.342923,-3.0476236,4.4115877,-7.1477313,-3.97414,-10.46395,2.137069,-8.515338
2,112.34714673913044,2105.395602294166,1152.2544836448214,0.09440862,49150,-236.42328,177.34549,-54.41579,20.561369,20.932205,-7.4019985,12.977376,7.3214884,-2.8221176,0.01625987,-6.57766,-5.954207,-3.2660663
2,135.99917763157896,2326.035934778928,1221.614680450946,0.06815166,38965,-252.8528,146.34404,-2.3888445,31.585133,7.889513,21.50536,-10.24774,8.332317,2.6626568,5.627899,4.5188456,0.7515508,2.348638
2,135.99917763157896,3644.711294262771,1827.3145705670545,0.062498577,57730,-247.90768,112.45042,-21.217861,23.001352,-11.751744,23.8691,-3.1135075,-6.9918633,-5.229552,-6.7822113,0.9575684,-10.385386,-7.0515976
2,123.046875,4334.807121347717,2249.4033017173683,0.19994323,80388,-55.0031,86.741425,-19.94269,41.781013,21.63125,0.92205215,3.1000476,5.8373594,-2.6871798,2.7326932,-12.330211,5.2907553,-5.278876
2,103.359375,6681.926261972717,3159.8864820933345,0.056664374,118546,-163.04591,66.761925,9.707574,11.381908,-2.2877965,5.3273683,-4.4694724,5.641325,-10.845375,6.5570903,-8.6384325,8.040172,-4.961758
2,117.45383522727273,2633.550741945627,1566.57270460236,0.15491226,66740,-105.5947,139.13571,-27.977194,11.017245,4.7100177,0.8304331,-6.880728,4.1857133,-7.5030055,-3.40002,-9.916185,3.5682387,-5.9867206
2,151.99908088235293,3752.452309434259,2072.11201042024,0.052619148,71361,-249.37637,90.736725,-46.698643,25.202772,4.228112,7.179738,-10.586446,-3.7358081,-16.026552,-1.881005,-14.013953,-5.3445606,-12.623582
2,151.99908088235293,5258.968199738777,2506.1584139160686,0.16452888,86144,-78.22545,75.30806,-6.7192793,42.565083,-1.9489452,20.720175,-8.920736,13.129797,-9.585737,0.061243962,-9.648167,3.80455,-13.931783
2,103.359375,2768.7749242634964,1580.2819707124456,0.047076765,69038,-253.14513,157.88533,-73.31198,32.204975,-22.668097,-6.5199018,-9.571338,-14.726692,-10.65949,-4.492213,-8.971334,-8.397037,-3.630406
2,103.359375,3373.96293144108,1577.743110117341,0.20081486,36866,-102.97354,122.54559,1.684842,25.710007,7.8757043,8.942776,-3.2016027,8.140054,-9.151574,8.176512,-2.4195557,2.7741165,-4.7334356
2,129.19921875,3951.4594393987036,1805.2400533025984,0.16374809,45835,-102.5613,106.733986,4.4245086,26.76288,4.8080525,13.711155,4.623044,4.2580013,-3.9981663,3.9092267,-1.1351292,3.1582856,0.019981172
2,161.4990234375,5316.009521484375,2339.8249414308198,0.08699123,70337,-145.23653,91.991234,-0.8105601,27.074213,4.050284,18.307964,-9.351953,20.129295,-4.9552965,9.926093,-6.9367394,10.754538,-4.975759
2,107.666015625,4043.6505485983457,1836.2605195196495,0.21915023,54471,-61.369377,117.094864,-9.143615,32.584503,-15.331535,9.703941,5.6568494,3.180498,-3.298906,6.499362,-6.09698,2.3906856,-5.1456814
2,95.703125,3015.1151013448143,1526.7147860073826,0.066817,49854,-202.2796,131.92645,-17.413345,28.893866,2.6794958,2.686212,-4.388007,10.563167,-3.0003455,0.081389345,0.7006101,12.378551,-0.2845527
2,112.34714673913044,3223.1055103219333,1529.6781219124139,0.078155674,36107,-240.97185,115.51219,12.056996,23.969511,18.412483,15.477637,6.3610053,5.672018,-4.318103,-5.2217846,-11.698708,5.7191815,-5.4925427
2,89.10290948275862,2548.6679218870936,1227.5434107040746,0.10719005,28614,-198.00339,146.01297,-36.374805,45.45479,-16.581154,0.28730732,-15.410268,-7.7064357,-22.75407,-11.272537,-15.996656,-11.034251,-16.207308
2,184.5703125,4229.632757322707,1907.970804262727,0.12633684,51827,-120.40886,102.971146,-5.1746225,53.536633,-1.430248,12.416605,-2.13977,18.047493,-1.3489252,3.258528,-5.8672004,4.9768143,-0.57033473
2,117.45383522727273,1620.4152015709656,883.6054443981305,0.04902402,30315,-313.05176,178.46646,-8.3334255,26.030045,6.984543,3.535755,-3.6032786,-1.1200571,-2.673726,0.4486629,-3.6956418,-1.1704167,-3.3508005
2,103.359375,5092.135875217686,2485.8585099640586,0.11874941,81900,-90.891975,83.530594,-14.161756,29.966906,-3.774456,13.031082,-7.0215235,3.3068533,-5.9000974,0.22781736,-8.287497,5.234192,-6.1736636
2,172.265625,4268.482522403493,2077.768334342616,0.07715742,69859,-175.56209,96.42765,-22.383028,45.949074,-3.7266219,20.467615,0.684278,6.444441,0.45768195,8.698144,-11.154189,2.7854872,-8.818367
2,151.99908088235293,2768.524925775203,1446.298625934568,0.24566221,45670,-78.388336,140.4424,-12.831825,23.197954,3.5263484,5.103706,3.9412906,0.9743809,-6.4796934,6.099576,-8.939839,-2.4927163,-2.7502134
2,89.10290948275862,3819.5769035410217,1864.9845586381753,0.31814364,55547,-7.8068037,116.7216,-22.022957,25.541557,-2.712465,13.490516,-0.58138746,10.874481,-4.060803,3.2587452,-5.706308,4.759458,-1.0939817
2,161.4990234375,3639.186327671488,1789.1751115542563,0.058204245,61335,-222.49422,117.979706,-24.158476,35.92783,-0.054752298,7.625322,-2.0763535,7.218918,-4.2617035,4.463564,-4.519831,4.18431,-5.1468186
2,123.046875,4905.753668912055,2427.7260835885354,0.12875871,76503,-89.47183,79.49335,-15.33022,27.430933,11.646528,22.659433,11.064892,5.6506453,-0.6120216,7.496777,-6.9373927,4.8662724,-0.46905413
3,143.5546875,7132.806868892705,3049.0706259183717,0.30869943,83656,-14.148275,65.80496,16.372173,21.38467,12.363975,5.5256886,3.0492413,8.662429,14.357735,-2.8370433,-1.0600357,6.9095206,-4.6956415
3,129.19921875,6171.454348726538,2854.31780783882,0.35931483,79442,44.35487,74.30173,-1.8984859,19.633709,1.5537602,14.356902,-3.323972,9.835808,-2.21348,7.084248,-2.3300807,5.9772863,-4.7102685
3,129.19921875,7111.590330519543,3286.179063265062,0.36419386,99557,23.15041,50.549973,4.927597,14.778015,2.798679,14.250811,3.0158775,9.768348,2.260534,10.882071,-4.0063357,1.6358607,-2.8326066
3,129.19921875,6709.367762704383,2998.3380751207005,0.33286017,79554,15.720305,63.756573,3.806819,14.108194,-0.5019399,13.439613,-1.1482912,8.1094885,-1.6612506,7.070829,-2.948557,5.3722754,-1.8724153
3,117.45383522727273,4816.279209951867,2193.318060344786,0.3519762,44142,-53.039124,91.22709,5.2419715,29.82824,8.558852,15.126726,4.5624986,14.51314,4.1035876,11.51715,5.6047173,4.368032,0.45249745
3,99.38401442307692,6287.2536485040155,3082.1498610449917,0.30687845,81906,2.4085622,46.232937,-29.747883,15.232549,6.6238256,15.988519,4.9977922,18.232615,6.449902,13.121088,5.5832863,12.556152,2.2617764
3,123.046875,4964.01998325029,2460.9702869493535,0.3603639,73513,-13.578869,93.51503,3.3460388,13.918661,7.114297,10.463512,0.8275515,5.4716735,-5.330471,4.911477,-4.4325833,2.9906466,-3.3815007
3,117.45383522727273,6150.054478128628,2634.864630419845,0.31770992,53420,-4.284302,77.78809,12.554788,24.549036,3.136069,17.38532,2.4806068,7.1466146,2.6919289,9.312124,1.3402991,5.123264,-2.8499231
3,129.19921875,6350.994929735874,2556.362958116908,0.32676157,47175,-27.312794,83.23761,15.332445,12.248665,8.2644205,16.216362,-0.91060436,18.963982,1.0773054,10.028474,-1.4084907,9.743529,-1.3008128
3,129.19921875,5650.757497309162,2549.1235580997163,0.35191354,59002,11.089273,73.66705,-16.474915,22.468077,13.31214,25.769695,4.6737742,16.741041,1.657527,11.408514,1.9858356,10.929417,0.55004704
3,129.19921875,6644.084824128047,3039.577566108646,0.28489372,95882,-6.9070616,63.4152,-10.664663,12.398372,17.259022,17.292183,2.041806,12.639195,-2.557348,6.872397,-5.8511763,5.736087,-4.429312
3,103.359375,5775.331744025735,2703.6256719195685,0.38404644,74531,21.7037,72.76428,-10.816816,17.342165,4.759003,17.091665,1.0726572,9.836937,-0.559621,6.118079,-2.5071678,6.207245,-1.6031204
3,112.34714673913044,4789.612704533911,2248.597141669973,0.26217827,56257,-74.478714,96.64454,-5.1199765,7.0689445,2.7016928,14.160397,-10.353718,-5.3008823,2.9059038,5.274178,-7.276031,6.012424,2.2548628
3,99.38401442307692,7070.232247272881,3392.4309424792586,0.21894222,115653,2.284826,58.080338,7.350546,18.380627,-1.2748897,13.6985235,-3.831249,13.106633,0.20531169,10.813009,-3.8235168,3.0026894,-10.491074
3,161.4990234375,6757.292472910217,3090.8626890480373,0.3255985,76723,2.8614566,60.856018,11.713382,22.63414,5.6003304,9.212771,3.823038,9.238222,1.2589455,11.549011,0.7355685,8.700335,-3.400035
3,103.359375,5011.619695421343,2373.944029133853,0.32952324,49161,-43.803238,80.66375,-0.7587088,38.89209,9.953425,8.905984,2.4918716,4.65831,-1.888698,8.941268,-3.014858,1.3066154,-0.25086343
3,129.19921875,6249.887207787104,2642.542978657513,0.3282658,52856,-2.6053898,78.3568,13.286952,21.417093,10.043754,5.0311246,-1.5123398,4.386588,4.1992173,5.5099216,-4.4374084,12.601684,4.599296
3,123.046875,6980.9661203862715,3138.8168533440808,0.30079716,83756,4.8095565,62.821762,13.865038,22.083418,10.264767,12.442525,-0.55173385,10.120798,-4.430405,6.9686236,-3.5800838,5.155063,-1.932698
3,129.19921875,6594.060126620549,3083.9917386933616,0.24381019,110221,33.381157,67.056656,-14.139109,1.7532014,-11.667602,6.810092,-2.2155612,5.1149545,-7.0679846,7.506835,-5.385652,2.3254626,-6.8880877
3,86.1328125,6992.524383828367,3276.7798020292885,0.3788334,84582,33.16775,53.486103,2.1803894,19.517164,4.2157044,12.9205,3.2272685,11.390817,2.577614,9.754593,2.0090654,9.603766,2.2730408
3,129.19921875,6782.07565638303,3114.621808087241,0.37513354,85641,37.463684,56.710896,-4.246043,12.397537,-3.544692,8.8077,-0.4967968,11.732901,1.0521365,10.525597,-1.7555416,6.0023046,-0.39964345
3,73.828125,6749.375854114261,3098.6586347147204,0.34834427,79320,30.978039,58.04592,-5.122232,16.660078,2.951024,16.760857,4.8983035,10.445627,-1.2386119,7.7923217,-2.1587608,4.4150367,-2.9171467
3,123.046875,5411.2172791094235,2626.165655467196,0.18140659,99118,-0.5194387,85.10318,-27.79654,12.779521,-14.844442,13.976748,-6.1387835,5.4226875,-11.165009,0.6462087,-1.810328,3.341623,-7.4505663
3,117.45383522727273,4581.872294045085,2158.8565100418873,0.3186946,54727,-65.76807,98.28077,8.051494,27.429588,16.119083,18.422432,2.18684,12.258251,-1.5918347,8.384764,5.076889,7.422033,2.3950477
3,129.19921875,6774.750700676035,3024.6695041148723,0.2330548,93235,8.090012,66.95714,0.2781574,26.33803,5.2004604,-4.2499537,-0.81837374,5.775691,-0.6545769,9.227003,-4.088203,1.6984863,-3.3462193
3,99.38401442307692,7205.164764687742,3229.3495566791416,0.23828238,90079,-26.686901,60.09354,11.4200325,11.543689,5.3396397,18.516037,0.48421997,12.742449,-3.5811992,10.583387,-0.42956978,11.4531555,2.5248632
3,83.35433467741936,7032.765807160652,3354.0487949264875,0.3479754,109632,39.910294,50.75683,-1.5823488,22.921947,2.8606737,10.392474,4.9715366,6.9246716,-2.7729762,12.871357,-6.068027,5.5266614,-8.533304
3,129.19921875,6111.388045272591,2999.9721622550737,0.29338074,80631,-20.395899,60.973682,-17.368109,29.212437,2.1850307,10.215388,6.095327,11.846995,1.6187141,7.364164,0.93195593,7.499247,2.1580846
3,143.5546875,7058.673983830786,3261.976336984884,0.34562063,93662,43.45196,54.620754,-10.366839,7.1350875,0.7852497,8.9317045,-0.37086615,12.972294,2.0621324,11.129666,5.0766225,14.481571,5.0922956
3,103.359375,5399.875681023848,2506.6580147465565,0.21736145,68564,-64.92705,82.37041,-0.0014701347,19.697182,-0.09293973,10.591218,-7.647522,3.6743376,-2.6243439,1.3246367,3.8975577,3.5272062,1.7641107
3,73.828125,5004.053074508997,2161.6670720726765,0.317154,48221,-45.30786,104.40112,6.069317,16.21522,6.2758064,-1.0870479,-5.649089,7.8895397,-7.939493,5.66731,-5.6637173,5.5232744,0.2956764
3,95.703125,4979.161558357924,2450.931429628113,0.30452278,82033,-16.13794,85.590004,-19.335264,20.408327,10.296447,0.4453883,-1.5922077,7.757036,-10.91145,6.3402762,-10.048287,-2.0551841,-9.869792
3,129.19921875,6500.37735977409,3022.566547468924,0.2801408,84589,5.8781867,54.0471,-8.314732,27.751348,11.216793,17.330946,5.7186713,16.576586,6.3209314,16.44234,5.3011775,9.856068,1.8574151
3,63.02400914634146,4974.886584208108,2276.1089904616115,0.27950355,57215,-24.91032,91.60875,-12.512701,25.890955,-1.8025347,16.342695,-3.3253775,11.83438,-1.0929747,13.434487,-2.2140553,8.406491,-1.1823838
3,172.265625,6272.728736334172,2940.929920480771,0.32175085,89364,25.72403,66.57446,-11.131193,15.24629,0.024217445,14.024638,0.36592856,9.2831545,2.9042563,12.723078,2.8123026,9.879453,-0.9118452
3,151.99908088235293,6022.65524849434,2763.5948746566664,0.34852195,77746,1.619508,70.99542,-10.201893,8.928939,4.322021,3.3468277,2.3789077,2.9753432,0.2987306,4.858276,-4.5467587,3.1336617,-4.258702
3,123.046875,5083.885925104006,2498.144230935497,0.34330282,83250,-56.075565,82.70542,6.1270657,12.078967,3.230968,14.454158,5.046237,10.865074,0.38532633,8.095366,0.62937725,7.5438223,1.3987334
3,143.5546875,5370.159194048713,2347.5409013332496,0.3405345,50476,-23.15028,86.755615,5.2440796,16.468248,-1.2417173,17.195717,2.3821359,7.9878573,0.15605292,2.2857788,-2.2896147,2.083399,2.380204
3,129.19921875,6194.912540211397,2802.1895067657247,0.30418897,78108,25.131609,74.29712,-0.80335116,21.968523,2.791491,13.461429,-1.5636922,8.111072,-2.5351279,6.398771,-0.67658013,6.6380596,-1.0762517
3,123.046875,5260.826521835091,2443.1850072525103,0.27529368,74261,-1.7974215,86.36064,-7.8480124,17.213339,-4.9916167,0.3695522,-4.1430154,2.5396612,-3.4541247,-1.1115158,-6.984183,-3.0863845,-6.5310187
3,112.34714673913044,4105.808506071014,1924.5684282278721,0.26500857,58793,-71.39189,119.02317,7.6784587,30.92652,2.2541013,2.743558,13.586625,-4.0077496,6.333743,4.187885,-11.943654,5.716055,-8.599121
3,83.35433467741936,3736.2857405246227,1685.9810513762866,0.253618,40616,-82.2712,137.16527,3.4656842,12.369508,7.8979583,6.3532815,2.620033,10.14916,-4.2248464,-2.6427388,-2.2902148,3.8569987,-2.586694
3,143.5546875,6716.017722492986,3240.851496519332,0.2064506,100461,-29.81235,53.591156,-2.6436946,22.815104,3.2260256,12.159164,2.1987648,6.6324496,-0.4311487,8.139177,-1.3350439,8.009932,-3.3947504
3,129.19921875,6450.752659847862,2790.572138597454,0.41225874,59138,15.805225,73.41356,12.005152,17.504822,10.69355,12.261138,1.1631335,8.328518,-1.8430192,6.1533203,3.6597624,9.989821,1.1077106
3,129.19921875,6496.752381693837,2951.5105149098513,0.24763179,86479,-31.97522,75.07671,12.385949,9.15729,3.0932102,3.2137682,-4.1308565,9.996856,-3.6295276,4.7001085,-0.13695104,5.0073414,4.6776805
3,129.19921875,5555.791404889464,2563.7242550313576,0.33605763,72159,-17.072308,99.254166,-3.9944983,14.909422,11.8704815,5.6620717,6.4172134,6.9991384,3.1352031,6.8323517,0.5460231,7.661697,0.13151409
3,83.35433467741936,5511.766671101006,2619.611436785341,0.23274897,84137,-36.201847,82.43478,16.190966,35.103577,-7.6357083,10.524416,-8.345117,5.1654644,-4.0048532,-0.45304102,1.0111837,0.912266,-1.9898474
3,112.34714673913044,6248.8622139851,2983.057756880038,0.36550325,68548,-20.6648,57.685844,-8.040636,9.384545,3.3900573,14.491053,7.848102,13.10103,4.084925,12.966146,2.7826362,10.824305,2.6224926
3,135.99917763157896,6873.558436532508,3025.4166240806703,0.32669848,72415,-31.223835,56.8889,14.348821,33.86114,17.578382,23.072187,3.4610846,28.104305,-2.6684763,14.810589,-0.71163493,8.906024,-1.6527134
3,129.19921875,7131.10687917231,3149.0337123883205,0.369691,55331,5.086202,50.35982,11.858241,29.231697,16.82197,19.544735,7.130144,11.886378,2.8654525,7.59627,-0.17294255,5.0598607,0.540619
3,151.99908088235293,6984.266100431743,3445.524183285429,0.2933293,113267,32.69885,49.42141,-7.6986895,11.277659,-6.357817,8.696281,-3.8991673,5.034859,-3.4053853,4.7849407,-4.382558,4.428991,-0.7465598
3,129.19921875,6097.5881287187985,2858.197626403396,0.3579303,79471,20.710236,67.12729,-10.906555,19.536406,-0.19469061,-4.8718524,-12.999409,0.0906869,-6.067484,9.7688055,-2.6579163,10.651766,2.020339
3,129.19921875,6611.668353479344,3140.8986236358924,0.19761679,121103,27.377722,65.01464,-20.330667,1.5409944,-2.0311453,10.834679,-5.286357,5.3604546,-3.449311,1.5087491,-3.70875,5.196515,-5.2421374
3,89.10290948275862,5571.024646109472,2528.87782028316,0.26312184,69622,-42.876358,77.7133,-11.428323,10.530239,-6.703589,6.8879304,-8.609629,4.8270307,-8.627366,5.6337605,-2.4609,6.0446696,-4.5382833
3,129.19921875,6335.820021496469,2920.625120107729,0.19993886,98508,4.8969793,76.83051,0.1835665,15.57843,-4.9201818,7.1596847,-8.105887,2.0178785,-7.070249,3.8345907,-5.655471,-0.002092391,-8.873109
3,172.265625,6408.102917745017,3035.9437963486807,0.33020627,92275,35.44678,64.58581,-7.8685384,20.426334,-0.901098,14.797978,-6.5197744,10.014887,-2.6332421,2.8656964,-4.134089,3.0605066,-0.74600357
3,129.19921875,6046.238439223345,2885.9839027396283,0.25491616,85224,-36.195946,68.28757,-10.728958,11.522824,-7.340792,3.772479,-6.420215,1.417516,-8.015193,7.507926,-3.0795417,-0.8624146,-6.016566
3,151.99908088235293,5321.851152827496,2459.550754249829,0.3341668,56596,-3.726684,77.84951,-7.8248286,27.555994,3.8408868,7.3961434,0.92979556,4.9534955,-0.9122356,8.939267,0.8532214,8.701225,-2.5855694
3,129.19921875,7004.015981006917,3083.597746922957,0.26183552,70847,-17.678715,60.66003,10.064769,21.933289,12.778716,15.175166,3.9085584,13.0931,1.5135796,11.291517,2.2467055,11.314992,2.3201919
3,103.359375,6486.135779224313,2887.332433166958,0.23358154,77443,-27.009787,71.1314,6.3772798,16.884274,5.771445,13.654697,3.9492338,5.349372,2.1511207,12.5632925,-8.92381,2.263317,-2.2994914
3,99.38401442307692,7920.268773884965,3537.0577305371357,0.17978907,124895,-29.254206,61.991257,-3.5897431,10.068514,6.2350707,-11.066318,3.5493834,-5.0994315,-3.0657344,-4.303188,-1.5128598,0.3095139,-7.0347776
3,123.046875,4169.666453264077,2028.8872005879864,0.24129167,62187,-61.51855,108.159225,-24.205538,26.41815,4.9933167,7.2106314,8.489322,4.641598,6.636091,10.5061865,1.153136,8.4813795,-5.536975
3,117.45383522727273,6414.802877231279,2833.8599307276527,0.29083753,78662,-33.707264,70.52892,7.744541,4.9133787,6.038497,11.924074,-9.865168,5.801914,-3.4011722,-0.23200823,-3.2436903,3.9007163,-3.4419997
3,161.4990234375,6395.394661256772,2971.748729608207,0.38831347,81339,44.593662,70.57533,1.5891227,16.442072,-3.8956933,13.942093,0.60152245,12.189825,5.3135595,10.485618,1.1428376,10.333874,-3.4920938
3,143.5546875,6953.832951123501,3295.2452252455682,0.38139522,76045,34.42253,50.755272,1.7512342,21.014744,3.8178015,15.949355,3.9081378,11.071028,0.38740894,10.032665,4.124121,8.358551,-1.0738541
3,129.19921875,7046.999054427486,3426.8521690148827,0.313186,109209,38.868637,48.44871,-8.647547,9.347494,-10.035322,2.513197,-11.584628,0.42260176,-9.199791,0.30400914,-6.714595,1.7763258,-6.314174
3,129.19921875,6526.2522033124515,3200.2267595451126,0.2132721,112545,-21.328676,52.0235,-9.166664,17.97687,1.8939477,17.353882,-1.6989743,8.96533,0.27112243,4.500545,0.094661266,7.771368,-0.659787
3,123.046875,4907.520324895994,2254.1449952304883,0.3294708,55338,-7.041279,92.36183,1.4622918,29.404644,0.26236367,7.876355,-4.3989825,9.53526,-1.7134936,5.8956037,-1.043409,5.4780464,-2.0008008
3,143.5546875,6817.392109495937,3145.713497767098,0.4396284,78424,57.708706,55.807407,-7.784815,19.131107,12.456084,19.699528,3.877533,9.169002,3.9137414,12.902827,4.3222513,9.702478,2.314213
3,123.046875,5174.877041559839,2356.5081472373336,0.2760583,49905,-79.130585,81.18856,16.400795,31.025473,9.927054,10.956411,-4.1497664,6.357241,-0.2403734,6.049965,-4.0932117,2.8233364,-1.961841
3,123.046875,6490.544085901219,3129.4577822786855,0.3090012,103632,26.420101,58.285404,-5.453361,17.77675,-3.2554493,13.352137,-2.5456917,7.113022,-2.030676,7.206481,-4.1768627,3.4997056,-2.8487163
3,129.19921875,6705.434453155234,3135.4187949264447,0.35923088,85595,38.03639,54.55707,-9.292355,13.184728,-3.393693,9.970253,1.3248543,10.545106,-0.30705786,8.859005,2.1921356,7.5214586,-1.2332278
3,103.359375,6286.145321872581,2837.3839062491056,0.32274517,76928,18.010292,69.22989,3.6674151,27.57305,3.8535511,13.628879,3.5601387,10.659229,-1.2642943,4.0287404,-3.668829,11.004441,2.5993047
3,129.19921875,6531.84383616728,2939.360688596345,0.30608645,63474,-15.042515,63.16965,11.139553,23.72329,2.2945826,15.598587,2.8623316,9.579955,0.83056396,8.696243,0.24640158,6.704237,0.45600083
3,86.1328125,7372.830417503144,3421.4946888458394,0.35107964,89690,38.81231,52.23088,1.3405435,11.120463,3.6141384,8.904816,2.6070447,11.930163,0.7011097,8.642825,-0.42673764,4.7921405,-2.130612
3,107.666015625,6622.401621910071,3094.946974001136,0.2652322,96728,18.907623,65.89038,3.1422203,15.819408,-2.738944,8.710026,-8.5089855,5.324796,-5.0020704,6.783667,-3.6124566,1.0821406,-6.2440214
3,151.99908088235293,6471.794199279218,3147.1937475378395,0.42248678,85323,58.018932,51.2575,-14.289652,18.233356,-2.9135418,16.158339,3.2533503,14.159213,0.7342628,6.9390254,-1.665912,8.374517,-0.5519527
3,123.046875,3974.609299414667,1887.6251888506406,0.25542066,47992,-49.43574,115.22429,-18.965122,12.911973,-10.512962,2.3821151,-6.7042193,-1.8166711,-5.26,-6.981183,-7.9419007,-5.8548555,-5.785359
3,117.45383522727273,6033.363517076238,2661.2638352995223,0.32760754,67307,9.575753,80.65134,-1.5759574,15.061423,3.4956198,8.758559,1.3082111,5.8184304,-4.1756487,7.9044814,-1.6558615,7.2077675,-2.3088772
4,129.19921875,5627.440971634336,2461.438674232446,0.33142006,62786,-8.828391,91.12061,18.848324,23.54381,9.47223,4.6776495,-3.8880556,0.90207124,-6.0358496,5.6088843,-7.8003716,3.7913122,-5.35608
4,123.046875,3413.9460230021286,1530.1610452894408,0.3042732,31630,-101.61487,144.6145,23.443743,-1.4216568,18.007715,13.686673,3.6448948,5.340072,-3.822298,9.58274,5.433601,14.191657,8.35093
4,95.703125,4388.590129462558,1976.6173086542958,0.24514109,57075,-66.966064,104.80091,7.476975,30.283184,-0.52172077,17.338717,-3.1045408,8.348537,-5.3855023,2.2833269,-6.045137,3.342883,-5.8448806
4,184.5703125,5681.098980505031,2899.648335962963,0.20021647,97692,-30.221684,64.99637,-12.02725,40.53255,-5.098905,23.93457,2.0018246,11.768826,-2.6697915,13.037705,0.70329297,10.030705,1.9906523
4,95.703125,4706.679872684065,2135.9493496459836,0.13432646,46312,-178.10326,90.89607,24.109978,32.97148,4.835932,4.282441,-4.7104,9.239518,4.221167,10.592975,0.86255366,5.815078,-0.681667
4,83.35433467741936,4416.95662460091,2061.803147996644,0.19584511,54782,-96.05648,99.39662,-13.470044,17.42862,-8.300758,11.475556,-10.942298,13.878226,2.330137,4.9549985,-4.5019555,6.216239,-0.89987683
4,129.19921875,7893.568935335236,4171.0665742000565,0.14510356,164901,-79.79547,21.413244,20.383406,28.14448,11.504234,9.131892,-5.763833,14.484139,-0.091124356,6.338423,-2.281024,2.6983197,-1.2884341
4,95.703125,5389.475743910845,2817.4282726285546,0.20928693,101350,-64.51362,60.25078,-19.612103,36.333332,-4.6936226,3.32018,2.2696702,0.66177636,-13.943465,1.7639654,-2.172965,2.2178984,-5.7044063
4,86.1328125,4750.029610554131,2321.516796181199,0.25751173,66770,-36.65574,89.44686,-16.72976,40.287598,8.695358,5.031369,1.4653213,7.0961037,0.17227459,8.395593,-3.0265489,6.533095,-1.6925346
4,184.5703125,5085.052584716041,2331.2308650220853,0.18315211,59481,-115.591515,78.20745,18.34807,41.52018,11.598104,18.767586,-1.1317666,21.953253,-4.7977886,5.744356,4.1857758,0.61559874,-2.162494
4,99.38401442307692,5104.09413624105,2221.272873975899,0.10680399,55325,-124.405136,97.37715,16.755512,25.577589,3.3433244,13.435803,-1.6258051,10.119429,-3.2707934,3.9132054,-0.30809882,7.0018473,-1.3300478
4,103.359375,5368.0008737664475,2595.2522904768834,0.24667431,80906,-26.983255,67.32705,-23.421274,30.13388,10.853481,23.774532,8.024864,17.478727,0.15984777,13.638014,4.532863,12.710853,-0.2857833
4,99.38401442307692,4381.356839867937,2094.818985268846,0.23399338,53318,-81.22522,100.519135,-9.369597,4.7463727,5.8359823,22.594385,5.3677516,8.966139,-6.428303,9.476298,-0.5314199,8.121884,4.586392
4,95.703125,6276.82037825924,3355.1948451548656,0.22847372,135074,-15.893931,36.43363,-24.915922,29.592041,6.0600324,15.270432,-4.0604253,5.991824,-3.3383894,9.380283,1.2409666,4.302186,-11.884122
4,95.703125,5086.860907114697,2587.166604471111,0.17061652,97693,-68.45588,73.89051,-15.734158,34.71833,8.132334,14.234759,-5.0653577,11.817392,2.660737,3.682245,-0.42410204,4.829078,-4.997786
4,172.265625,5142.335571666989,2722.2308287273045,0.12430665,96552,-110.00054,66.05441,-17.613932,50.856472,-7.923536,14.274373,-1.8888315,5.9974627,-5.4662027,8.5917845,-9.443242,14.088568,-6.316102
4,99.38401442307692,5489.925136507111,2505.3668528509324,0.2570972,64094,-29.389462,74.81648,0.8907219,40.613396,11.892411,16.115654,-2.1339545,15.2488785,-0.28525427,9.076854,0.6688425,5.9019885,1.3471131
4,89.10290948275862,4636.771962074304,2366.253222384261,0.22505575,82469,-30.617424,87.5728,-31.323421,18.098312,-2.9460008,9.96506,-5.5104723,8.210167,-2.2301435,3.9016664,-7.372625,3.8079846,1.4536098
4,89.10290948275862,4860.1622779302925,2344.6439113773295,0.23138225,58106,-101.007904,85.47845,15.678729,35.88529,5.9853544,3.2107322,2.95488,1.218411,-12.739222,5.807595,-5.159919,4.5800443,1.9971712
4,161.4990234375,5994.1637541118425,3218.5103725128556,0.23326285,122174,-32.49022,46.848877,-10.161024,44.789238,-0.2754851,11.351695,-11.123473,15.614143,-11.4408,5.8951287,-9.54461,0.450995,-7.506411
4,99.38401442307692,6062.805005714251,2981.550479601133,0.10864453,100727,-112.24735,58.03368,-12.609901,27.385794,7.518794,21.154583,-6.815338,15.895753,-3.9364145,15.43372,1.124521,5.448658,-6.326821
4,103.359375,5787.79833530863,2573.464128185889,0.15346642,68803,-69.26144,79.26393,8.718678,30.57052,0.73684,19.904303,-3.1575017,8.51352,-2.5332866,3.2360198,-4.1013956,5.000174,-4.7004223
4,89.10290948275862,5117.594054608891,2602.4185068315205,0.2444443,90010,-58.024193,76.67107,-17.499857,28.557281,-2.3122187,7.3467584,-5.291076,8.837514,-3.6810122,7.559528,-5.356555,5.279615,-4.4048734
4,99.38401442307692,5028.936257377129,2348.3876582378616,0.340499,62181,-57.049706,89.85433,21.68633,25.797892,11.954631,-1.1852069,4.4073005,1.6257559,-8.048134,10.051215,-8.278235,4.947525,-1.2767466
4,112.34714673913044,3696.0443171923375,1667.0067126858157,0.12859546,35540,-176.32014,112.87101,22.440477,29.339529,4.6049843,12.54354,8.843049,9.785211,4.0465093,8.696017,0.43703288,7.7573576,-3.159147
4,112.34714673913044,4048.842183871904,1973.900722370141,0.15618034,57923,-129.89111,102.65162,-25.06754,38.282986,-8.353694,18.59387,-6.81767,12.271484,-1.0963656,7.022061,3.3350997,8.870305,-6.0077205
4,117.45383522727273,5144.343892856279,2408.480982059378,0.09625634,75608,-134.08609,78.59135,-12.578586,27.837698,9.273021,17.567146,-0.04728042,13.822757,8.967489,8.595401,8.070018,9.838214,-0.63619393
4,107.666015625,6921.174815269446,3246.3446662879037,0.26582274,79117,-41.04064,40.81588,28.670366,45.592255,14.98978,22.16712,2.5894098,11.49521,9.123999,6.091665,2.955853,5.6671867,-1.2502261
4,95.703125,5439.158776817676,2695.7288312555957,0.25811297,84759,-48.82884,69.94163,2.6340137,42.554756,-0.3937726,16.87312,-1.9612379,7.1741214,-5.3085823,7.4417458,-3.0753326,4.757772,-1.1833608
4,95.703125,6572.268591724313,3148.195509796414,0.25447905,94933,-16.376493,56.16372,12.279783,35.632442,9.924625,11.765769,5.540535,16.558979,4.665583,0.1493655,0.64008707,3.0166216,6.3235493
4,107.666015625,4370.556905173665,1795.9286367559407,0.45667616,18874,-103.19558,94.098816,19.83412,22.199856,13.255607,27.271925,-0.01160112,13.745731,4.5711846,14.068248,8.042708,15.446219,11.711855
4,161.4990234375,4619.62206577738,1978.965833509782,0.17442104,48847,-131.9155,100.43767,28.472898,21.967085,0.71582294,15.655013,0.07150977,7.979177,-3.8459394,5.248076,-5.4359202,8.32491,-3.6637647
4,95.703125,5491.500126983359,2683.640698573069,0.21510243,79611,-46.3178,78.293236,4.363559,37.449608,5.2266126,-1.1490176,-4.5030913,3.7349057,-12.08954,3.860491,-11.160388,-3.6103349,-7.0990243
4,112.34714673913044,5283.0097210296535,2377.6383281918156,0.24859798,64797,-54.246056,86.02861,10.765718,24.834019,5.57897,14.026445,0.86876684,7.386007,-0.04351523,5.447354,-6.060383,3.3800519,-1.2952613
4,172.265625,5551.258098968411,2764.7330115409404,0.25080842,88256,-58.472294,58.140064,-17.697264,30.876602,7.3709397,13.952391,-3.7926672,10.786446,-4.9471765,10.909168,1.2025853,3.2998607,1.9409888
4,123.046875,5299.401288578754,2452.8566642879073,0.31869614,60231,-46.745464,84.937225,9.416251,15.365473,-1.2413925,11.634115,-5.4441566,0.29571363,-1.0708601,-5.2408276,-6.8763795,5.371755,-3.8727195
4,107.666015625,5942.880730879934,2823.513311712781,0.20375045,89899,-47.42844,66.0487,2.1120105,34.86076,14.569378,12.192206,-7.1783314,9.822285,-4.885931,3.0702825,0.9357368,7.829822,-1.6459938
4,80.74951171875,5512.63333252709,2361.179175012506,0.15726155,60059,-82.654335,94.49989,15.607026,19.51773,-0.35402545,7.575138,5.934927,10.584522,-1.5173032,2.0135949,5.1492023,6.8069816,-0.17588055
4,95.703125,5721.56540247678,2798.228078060339,0.2596333,86370,-41.868843,65.380066,3.712778,38.90327,7.0584774,2.234344,-2.5744462,7.512671,-6.8584504,2.4742246,-2.9114304,3.1916912,-3.3120248
4,172.265625,5997.6970660797215,2757.429094636016,0.256948,78687,-51.291367,78.600006,12.977147,9.483033,4.2388687,17.499773,-4.8779826,2.9823184,-9.704721,-0.3520967,-5.345281,3.060707,-3.6697326
4,103.359375,6135.871230559453,2970.1852387178174,0.28266558,99491,11.7784605,64.90825,-2.5810692,29.47927,2.1091366,16.93931,-3.0097907,11.223037,-4.4603424,8.656953,1.3302864,7.083828,1.83036
4,92.28515625,5762.365155766254,2723.710907599219,0.17674336,81789,-79.9088,72.279236,0.53260523,30.268942,8.61352,15.291463,-7.304826,10.730139,-12.269315,5.889527,-1.000921,0.63878554,-3.4610388
4,92.28515625,4810.15424698868,2192.278115045406,0.17160982,52868,-98.64805,96.83054,8.888451,24.575535,7.351998,23.993763,1.5806413,14.654488,-2.123992,2.9483747,2.7881665,6.270952,1.7844533
4,89.10290948275862,5292.392997623597,2503.1464458005935,0.2355157,74225,-61.256218,78.20607,8.740979,46.78804,-8.519073,13.790429,-2.8028073,6.8553495,-8.156036,3.5409439,-11.160165,-0.6741264,-10.624678
4,99.38401442307692,6376.553108522397,3015.103713147743,0.18002094,107422,-102.10624,68.19343,2.8929088,0.4040832,-1.0462888,14.857156,-16.729866,9.594648,-14.450092,2.4593544,-3.7317095,2.5967977,-3.220332
4,86.1328125,5196.318578572465,2331.5985721521756,0.33936328,55187,-52.346973,85.572495,3.2859068,23.68272,10.687166,6.102624,0.7472942,6.9947104,-5.9834604,10.418389,-0.02126317,7.4419813,5.5233407
4,103.359375,5344.2926837932955,2288.3038534461807,0.18645005,48585,-105.91353,83.0833,26.677208,50.890263,11.084066,20.732815,-3.420169,10.014282,-6.810827,11.232649,-4.1647997,4.257213,-2.1097555
4,103.359375,4541.305872678018,1946.5010685459495,0.33052155,24919,-88.04607,98.77392,17.437592,33.37688,8.02719,15.3224745,12.626179,19.622578,11.487268,11.179241,3.0129719,7.1899643,2.8195841
4,92.28515625,4973.17826120477,2219.471508335535,0.21013266,47765,-96.867065,87.2292,7.720508,16.509218,4.910564,8.264694,8.5121975,4.41227,-7.6741605,7.868105,1.4835626,3.4057784,-2.4490998
4,99.38401442307692,3858.6016675636124,1906.7462932869573,0.15905958,55234,-136.14946,108.1288,-11.384248,28.250305,-3.6743255,13.15232,-11.690628,1.687472,-8.324397,4.389394,-9.728437,-5.624624,-1.9285846
4,99.38401442307692,6163.5460632135255,2972.608430205741,0.24301015,93679,-62.69306,49.889194,9.997369,45.233303,13.353678,19.982122,1.43558,13.143178,-3.7335446,10.911482,2.1880486,7.899671,-0.015500709
4,184.5703125,6867.375140588719,3272.574863835341,0.12517676,101104,-80.800446,53.23821,12.175358,27.737474,-0.13307087,19.356146,-3.457081,8.952721,-2.1739433,10.049617,2.4440558,8.611997,-0.19337206
4,95.703125,6092.446493142898,2917.2349028739436,0.26119056,84687,-70.94167,68.17952,29.144623,29.306725,3.8182263,11.2400875,7.4714165,9.472322,-7.001107,1.3459333,1.4110738,5.843348,-6.12336
4,95.703125,5229.076713821836,2454.9258397825247,0.18079057,78518,-68.98477,87.9551,-5.2350807,19.052229,1.420639,2.7435966,-4.5027294,6.849357,-4.98985,5.826168,-4.515704,7.190379,-3.1773527
4,184.5703125,5169.86873851103,2438.1687691449893,0.19637784,72893,-114.69992,77.214005,19.868624,29.790695,3.3337781,9.327986,-8.10986,6.463065,-1.0027653,5.1283536,-7.1045647,4.264214,-2.6359904
4,184.5703125,3247.163698178696,1534.9940536180266,0.171828,41550,-146.76482,123.1015,-5.9423704,44.883102,-3.0726175,11.961157,5.6900134,8.981181,-4.7768025,5.1350117,1.1827147,-2.286402,-1.2758504
5,123.046875,5209.0018352118805,2243.600641315005,0.20087445,49650,-85.41533,90.34391,14.157647,25.649103,4.905622,14.130774,-4.4159613,9.49376,2.1890504,5.937122,2.915512,4.001916,-2.6021974
5,172.265625,6916.566509801906,3103.1284331322345,0.17934142,84367,-68.30494,63.380116,23.482244,21.215235,3.6247263,14.543025,4.644534,6.5830507,2.7740014,5.6455064,3.9837492,6.8466873,-0.80394506
5,112.34714673913044,3747.802337552003,1851.9455242359008,0.23532358,53296,-59.760643,119.89914,-24.660765,20.661757,-0.87745416,7.8265595,-7.5604963,10.531322,-0.5661036,6.6824994,0.84329754,3.1536314,-0.11963306
5,143.5546875,4625.572029798762,2262.8702749513673,0.043801114,65709,-260.24246,95.36397,8.51406,20.180864,5.613133,3.8776255,-9.149781,7.212187,-12.605275,0.7788851,-10.225858,6.7048907,-4.8594036
5,86.1328125,5413.258933430486,2440.5309721023027,0.33700523,66046,-8.534047,84.25716,-4.2238398,15.850682,2.450687,13.092264,-13.622681,3.6653566,0.7809889,6.9014864,1.8600713,7.632096,-1.0726367
5,161.4990234375,5064.011045284685,2342.3224624179616,0.17746489,63202,-153.11867,76.27679,39.76152,60.12961,-14.669523,8.883687,29.711542,-3.4063237,-7.3901377,20.045113,-10.77372,3.9765077,12.276941
5,172.265625,5593.882841222427,2804.603220553619,0.117272235,89859,-157.33435,68.34059,2.9543295,45.51699,7.772907,-0.15519549,7.718037,-2.0845268,6.3288174,4.3094234,4.9492784,4.436632,0.45146883
5,172.265625,4460.031364133853,2029.4807078743768,0.28093415,45432,-58.53894,88.87922,-2.821995,40.86492,14.095603,9.364344,7.9221,12.971522,0.2966285,7.4827733,1.3382885,6.1557035,0.40997753
5,151.99908088235293,6440.227723490712,2828.272174998927,0.12540194,79457,-110.2828,67.3003,12.602231,31.064241,1.936081,6.23577,6.0803194,10.716282,-10.2410145,10.816073,-7.2296085,6.888344,-2.3233736
5,112.34714673913044,2952.373814066128,1565.8337509782355,0.15519157,55000,-144.91661,128.70453,-24.560944,45.393982,-4.790734,-3.7621405,-13.009101,-2.6542277,-5.8231874,2.234107,-2.2175379,-0.73997533,-11.078071
5,151.99908088235293,3650.38625994703,1803.5227401067032,0.14341672,51682,-146.86897,111.20494,-23.110748,32.759495,-17.134098,1.9494244,-2.4921124,13.471925,-2.4184558,7.252263,-1.758096,8.570399,-4.1320105
5,151.99908088235293,3529.0036605976684,1614.7294219778905,0.23274444,37733,-115.14198,128.07704,-1.5361955,14.267121,10.030565,18.448841,4.8061047,11.140511,-0.063579634,7.912377,3.9819665,8.344539,-5.4897857
5,143.5546875,4250.007634118615,1998.7914755072563,0.2709552,62922,-36.352886,110.54369,-15.521681,36.609097,4.6303015,11.923929,-3.6581352,3.2768476,5.2216983,9.394482,0.17260289,8.233468,-2.9467394
5,172.265625,3119.4311372266834,1552.409671746377,0.05011296,51907,-233.7902,135.34804,-39.19041,38.890385,-9.695785,16.076674,2.0612388,4.557679,-5.6085215,7.0259886,2.1217337,3.1403177,3.7784681
5,143.5546875,4343.757067228618,1927.6752285784587,0.30529335,43131,-79.457405,104.44104,21.009644,23.3576,6.6942983,8.093976,-2.0879805,8.807483,5.306159,11.305194,2.738248,4.449678,0.6580283
5,172.265625,3577.5283671754064,1740.3456774237413,0.17593743,55811,-115.58253,120.29049,-29.193369,47.32456,-8.5299425,11.359184,-11.110586,12.682095,-10.498716,9.591883,0.6952784,2.7818718,1.4402837
5,143.5546875,5253.334900469234,2375.832955747766,0.101133816,70171,-126.07585,93.42425,0.76658666,24.726397,-6.1933146,19.86901,-10.707634,13.479239,-4.1836247,5.4794793,-2.2839878,-3.3902452,-4.0045266
5,78.30255681818181,5299.959618535942,2499.550473829533,0.1726973,71264,-75.91409,90.96135,-1.3421105,18.264994,-2.1776233,7.61278,3.415468,4.3829184,-1.9442875,0.8121598,-0.37109223,2.9277146,-2.4484115
5,143.5546875,5855.172927903686,2708.0321061620994,0.23675941,70086,-68.78228,72.09938,18.563702,33.124462,12.067395,9.128828,-0.19442645,7.2617383,-0.6101811,4.0252137,-2.0914915,2.18335,-4.3179574
5,172.265625,2741.9500864696206,1440.2416375531707,0.06703208,47691,-252.40881,155.85513,-35.862877,4.422093,33.786766,3.5159743,25.43226,10.671686,5.201246,1.2879118,0.62725526,1.538998,-9.262089
5,151.99908088235293,4508.047740452061,2038.867094531762,0.12680553,44778,-143.2557,97.12674,1.9818628,25.772606,4.045338,11.536769,-0.5381462,13.240479,-12.506803,14.816512,-4.540407,6.1958146,0.60338956
5,143.5546875,4274.0074889947755,2135.9077246008837,0.21685326,62658,-85.56458,97.34871,-16.39365,31.32237,-2.6907935,23.243816,-0.33095738,13.416167,-1.1536952,6.4300528,-2.1739488,3.483529,-3.454849
5,172.265625,5087.202571715364,2463.187804367803,0.2009343,76507,-65.1288,85.43723,-10.324154,34.804295,1.3293432,12.442212,-3.4708366,8.900486,-4.843228,9.376038,-5.363599,8.034353,-1.7130656
5,143.5546875,3795.293717044795,1735.939705502322,0.27832946,43885,-94.34716,101.24174,4.017931,32.64069,16.249157,15.59381,10.17845,9.370232,2.1412678,9.711955,4.4667654,9.020969,1.9824551
5,151.99908088235293,5951.189013974216,2616.9677459367895,0.35154557,67512,-7.2032013,79.79874,18.680927,32.79509,-13.062902,4.880108,-3.1496441,14.78132,-3.6871753,12.919064,-7.0250597,3.8079474,0.10597739
5,143.5546875,4646.5135698348,2149.3268407408664,0.059689555,62383,-224.52605,114.33369,-11.597058,13.989599,39.17715,-9.489976,20.19754,11.105518,-0.55309236,12.96118,-5.527744,16.914616,1.0610181
5,135.99917763157896,2544.659612791457,1362.1761202041039,0.1400481,41223,-167.32669,145.39925,-22.253132,25.669626,12.573782,9.220693,1.8432498,2.3887868,1.0048443,0.0065859742,-0.96149296,-1.9833972,-7.5630126
5,143.5546875,4378.581856647881,2004.5828087850907,0.12793583,60321,-121.182686,106.268,-0.8798074,27.40608,13.5132475,6.893408,2.31697,13.131467,0.2932503,3.7336867,-4.539818,0.5001775,-9.240933
5,143.5546875,4579.388975728038,1908.9209632399873,0.18741657,36700,-151.32887,107.587265,31.797226,13.073524,33.99363,18.514324,4.3706727,16.545528,-0.077017106,2.541659,3.759621,10.759285,4.135753
5,89.10290948275862,6073.99660470685,2885.555648647958,0.09620114,89071,-129.45473,67.42182,-2.4761517,27.975555,6.840109,8.047036,3.3574154,13.62436,1.6503906,8.0667,1.256663,6.275882,-0.31054187
5,151.99908088235293,4903.178684482634,2232.937058305035,0.20755808,59443,-116.07665,87.34139,-0.23703721,37.809563,12.536016,6.6015944,12.907575,0.62563956,-4.854875,13.424283,-0.8440464,10.360597,3.1469862
5,123.046875,5682.348972946497,2674.860967028923,0.1826586,67527,-106.01698,60.737267,6.2629824,55.174686,8.961325,23.419846,9.64641,13.798838,5.2053084,7.6852007,-2.3781068,5.6680045,-1.9720724
5,151.99908088235293,5171.560394948481,2491.655267505539,0.1592311,65636,-164.04726,61.768364,-9.0990095,41.00256,27.179222,31.899221,-1.5186669,16.772562,7.334722,10.906487,7.9597454,6.84492,5.178504
5,151.99908088235293,2613.3258642426954,1255.1407351362218,0.26293704,24104,-151.42537,130.0911,31.620928,43.33281,21.160465,-1.1882299,16.679249,2.2213633,-0.99329454,5.5512094,-2.1372988,-0.4170674,-2.079851
5,83.35433467741936,6227.4790099530765,2972.7708100842424,0.21525611,87843,-72.23782,55.97239,3.8727467,28.29814,1.265546,11.931567,7.269244,12.338868,-4.6559186,4.6006956,5.220331,4.1725297,-1.8592659
5,123.046875,4519.439338235294,2190.818843482951,0.09188281,68239,-172.90564,94.273994,-10.313014,23.530914,3.205868,11.499605,1.6018376,9.76589,-9.295622,7.895922,-3.8773909,2.9037962,0.1032832
5,123.046875,4968.144958307131,2461.966600394209,0.2328036,63663,-81.83816,73.49649,-16.703362,43.27774,8.684634,20.944828,1.6279359,23.41119,-1.530398,16.044096,3.218666,14.340523,-3.3128057
5,143.5546875,3882.10985874613,1784.4393480165716,0.27693987,34385,-102.85611,94.56763,-3.7029564,42.39203,13.567951,27.278135,5.5406337,17.719866,4.887791,12.598263,5.216817,6.355236,2.49086
5,117.45383522727273,2572.9427751003773,1374.824879829606,0.084649816,35465,-238.88051,130.27997,-3.5445168,3.929703,16.508036,10.989226,-3.7168453,13.136855,3.1648633,13.277507,8.313145,7.1509123,3.9850376
5,89.10290948275862,3065.3147977941176,1545.2490229744499,0.19267735,43608,-121.67607,128.27322,-11.711242,15.962803,-1.8563287,11.051574,4.6582446,9.496897,0.98159325,4.5738773,1.2830416,7.4942527,0.65525967
5,123.046875,5109.36910434404,2434.585827435196,0.18979052,73086,-82.25264,84.16691,-12.272383,23.218702,-6.1834235,14.998271,4.3814015,13.6154,-2.9575748,11.161749,2.4831982,5.2073946,-2.0204456
5,129.19921875,4491.331174868179,2119.454011828339,0.19066615,65816,-64.16602,115.30164,-11.530665,15.320234,-7.109384,5.3143935,-11.220611,9.382447,-4.38222,4.6208496,2.3869047,0.95428294,-0.30453143
5,117.45383522727273,5511.491672763884,2548.402396656007,0.21185546,72729,-59.679478,83.34133,0.7016154,24.46616,0.91078967,17.51205,3.2197847,8.90388,1.0040691,11.349583,6.6245956,11.942125,-0.25689164
5,135.99917763157896,3897.893096640383,2066.4055363042144,0.17417328,68285,-79.64915,100.14233,-39.833378,49.904404,6.2419305,4.74869,2.0580397,7.070487,1.551555,1.5495416,-0.9470316,9.822256,-4.290551
5,135.99917763157896,4290.532389070965,1889.570756636845,0.23004094,41066,-93.971565,105.26214,9.836384,25.777967,9.489075,12.388182,-7.2535496,10.70043,-1.9554756,9.143913,6.584771,7.02131,3.2529032
5,143.5546875,4303.707309404025,2164.5064686946494,0.06368239,70129,-252.88768,91.52941,-22.045988,41.891018,32.402103,-15.516426,24.837875,-6.1204734,7.168135,6.5880156,-5.4430237,7.858771,-3.0944455
5,143.5546875,5078.002627346169,2371.1704254949395,0.040149618,49660,-335.2313,60.11189,30.008442,48.31727,13.7256975,23.038702,-0.72692156,19.514448,2.5534072,10.791496,-1.6702971,11.462901,2.7814074
5,135.99917763157896,5420.525556156879,2349.552099040036,0.2715755,56789,-74.06429,82.79422,3.2951126,24.006382,5.585217,26.238182,-1.6378454,17.099007,4.96627,19.962881,0.45502478,11.417865,0.64647824
5,151.99908088235293,6510.602297945288,3230.39699787415,0.21801914,96868,-80.75624,35.22185,-2.6426997,34.647434,10.494156,13.039404,9.557175,8.776277,3.2324743,5.544368,5.835027,1.4804459,-1.6552373
5,129.19921875,3796.7853746916117,1906.7509253484934,0.16425791,53274,-134.90398,96.563156,-28.645514,40.54465,15.932791,22.51619,11.751788,15.636784,0.72896874,14.430646,-4.259826,9.936187,-2.8063889
5,143.5546875,3725.6441382062694,1832.2387213939683,0.18116336,47219,-118.85601,107.70864,-12.15313,46.2825,6.21172,13.832204,5.8433948,9.698178,0.4531729,7.4724445,-1.2877735,1.3774205,-3.3288505
5,135.99917763157896,2857.3160555340555,1484.3651769884018,0.18110652,40807,-164.0158,130.5866,0.25446332,25.529716,6.9851084,7.288466,1.8300287,9.251974,-7.329729,2.567927,-7.0549455,6.756039,-3.7574658
5,151.99908088235293,3638.586331299584,1810.198366041613,0.15638937,51900,-121.39437,110.42535,-29.09357,32.576405,-0.15408172,12.270042,-7.801463,-0.15286173,-4.2055197,-0.27330437,6.0305657,9.794767,1.592069
5,143.5546875,5318.392840406105,2444.197179572762,0.20077974,67365,-64.111206,88.97383,4.789047,15.349219,-3.3308082,8.811392,-6.3477454,-6.532582,-8.247527,2.5660589,-7.763261,3.7161129,-8.283171
5,129.19921875,5661.857430189387,2279.5320792626994,0.19356641,48797,-125.45229,83.443954,33.22999,41.204567,13.320628,20.571331,-4.5077605,17.675829,-5.3835735,9.789073,-4.3116508,-2.04097,-6.465692
5,135.99917763157896,5717.290428326964,3009.73598573698,0.196844,107643,-66.4158,51.496185,-29.914736,39.689854,6.9742827,36.87247,-9.375028,34.092392,-5.044946,15.621434,1.649995,8.561862,2.1570554
5,151.99908088235293,6065.488322821933,2830.220450750991,0.13948074,85974,-99.86574,67.75945,-1.9394146,24.120773,8.143167,5.832781,-2.4879847,12.931749,-3.4217134,7.6941657,0.4602913,0.3570459,-1.4722632
5,161.4990234375,5123.852350099168,2183.7187916413654,0.18497172,49649,-107.04627,88.113464,16.540691,29.880394,19.611752,17.987041,9.111924,11.417486,-1.8212849,5.0154953,0.9401809,4.4371486,0.008061081
5,129.19921875,4036.5672580967007,2027.9598388835152,0.219124,61942,-122.865616,89.387115,3.2845516,60.496204,-0.44025642,8.17641,12.134569,7.3511477,-8.826076,11.542328,1.583215,1.1622139,2.8556218
5,143.5546875,6743.217558019302,3102.3552526571552,0.1928042,80497,-73.48472,61.991825,27.663168,29.62539,11.242626,7.621248,-1.4365803,8.412355,-4.833633,11.211969,-12.238451,1.4934067,-8.626284
5,135.99917763157896,4543.8391906927245,2065.0090848469845,0.22597672,51888,-112.968834,97.256096,1.5416571,25.356874,13.914256,5.7581625,4.324184,0.8218297,-1.6778251,-1.2615448,-5.5702286,0.9931064,-2.3755758
5,99.38401442307692,4412.589984338719,2005.0371590915097,0.22188124,51126,-83.14458,103.97908,3.9520676,29.007277,10.739256,16.172012,-2.8117373,8.539855,-0.14868705,4.842011,-3.769597,3.5491614,-5.1958694
5,71.77734375,5034.144559216573,2416.0105981425672,0.2230202,63162,-90.35117,65.99642,-11.580079,48.00279,17.313276,22.023201,5.399998,6.6484027,1.4620144,5.815456,5.6536565,7.029298,1.2355441
5,161.4990234375,4866.9455702459845,2185.0216411854763,0.18730539,55324,-89.88079,96.36369,2.6548417,19.334564,10.398279,8.757835,3.309991,9.673402,1.3739841,4.082411,-3.2225626,4.8906145,-4.2474465
5,172.265625,4513.597706892173,2069.392967394336,0.14147218,51315,-145.23819,97.69349,-2.735259,7.750409,3.6730757,14.945397,-2.9098916,9.669199,0.32528678,11.942597,-1.2806636,5.3273244,-5.596706
5,161.4990234375,4118.875093725813,1970.6691569386578,0.10019796,51077,-163.67505,98.32837,-13.5464945,33.15835,21.374866,19.681221,-1.1935027,8.024282,-3.6808035,5.0507736,5.338885,7.628319,0.00056443346
5,151.99908088235293,5195.560249824642,2362.5984237019975,0.1690426,55801,-102.38029,82.74515,11.258682,35.856678,7.5468903,5.192883,-14.322511,14.749422,-7.6359673,2.599136,-3.2257054,1.1470221,-2.171092
5,83.35433467741936,4843.104047745743,2247.4517930693396,0.14078306,58353,-125.52296,84.74768,3.943617,35.209023,5.2180767,18.432148,3.5337148,12.974279,-4.7647505,5.896677,3.1747396,5.0069237,-5.182161
5,107.666015625,2837.291176621759,1365.5486911017142,0.10539427,40922,-186.18613,150.95876,-13.0873785,43.92353,-17.888073,12.445385,-7.395198,3.621086,-5.542136,-2.6578355,0.9432927,-4.908544,-5.014048
5,129.19921875,4782.296082109859,2309.415769263151,0.15494823,69465,-132.92043,80.766136,7.785714,29.03645,2.2426994,13.671309,20.173782,-7.26629,1.5214808,15.808373,-13.271794,12.980691,6.4245825
5,151.99908088235293,5673.424026914426,2537.53192666034,0.09949196,66308,-154.84576,77.56887,5.698865,19.843113,12.818233,21.937365,-9.296535,11.243721,-3.4053366,4.081619,-0.3084574,9.517129,-1.1065863
5,135.99917763157896,4346.09038645269,2162.3940807244453,0.20511334,66130,-86.88477,96.59578,-29.851515,48.294716,0.8301983,30.718513,1.5653148,16.697474,-5.5683765,11.83649,-5.735722,10.013008,-2.8155117
5,99.38401442307692,4472.014625006047,2311.4087713915233,0.10915242,77328,-151.20828,69.98156,-28.478682,49.530876,13.718432,23.673166,-3.9297192,5.9444366,5.4642334,10.296172,3.4269097,5.165879,3.5877924
5,184.5703125,4735.038034539473,2132.1247792628587,0.25480402,53460,-60.610283,92.567795,0.49114224,55.951588,-3.9046793,23.854115,-2.7166343,10.091376,-1.8324232,1.8699539,-7.357684,1.9031615,-3.6265945
5,71.77734375,4650.4718792327785,2073.2409593527145,0.17777644,46657,-115.09664,94.22719,13.1615305,38.94341,-1.2117738,14.023076,7.057108,13.2820425,1.1961772,5.3481674,0.8781435,4.953087,3.5045109
